riderID, request, matched
0, 1465444603919, 1465444604203 
1, 1465444603920, 1465444604204 
2, 1465444603922, 1465444604204 
3, 1465444603926, 1465444604204 
4, 1465444603926, 1465444604204 
5, 1465444603926, 1465444604204 
6, 1465444603926, 1465444604205 
7, 1465444603926, 1465444604205 
8, 1465444603927, 1465444604205 
9, 1465444603928, 1465444604205 
10, 1465444603929, 1465444604205 
11, 1465444603932, 1465444604205 
12, 1465444603933, 1465444604205 
13, 1465444603933, 1465444604206 
14, 1465444603933, 1465444604206 
15, 1465444603933, 1465444604208 
16, 1465444603933, 1465444604208 
17, 1465444603933, 1465444604208 
18, 1465444603934, 1465444604210 
19, 1465444603934, 1465444604249 
20, 1465444603934, 1465444604303 
21, 1465444603934, 1465444604319 
22, 1465444603934, 1465444604335 
23, 1465444603935, 1465444604347 
24, 1465444603935, 1465444604358 
25, 1465444603935, 1465444604369 
26, 1465444603935, 1465444604377 
27, 1465444603935, 1465444604384 
28, 1465444603936, 1465444604392 
29, 1465444603936, 1465444604397 
30, 1465444603936, 1465444604409 
31, 1465444603944, 1465444604414 
32, 1465444603945, 1465444604419 
33, 1465444603945, 1465444604423 
34, 1465444603946, 1465444604428 
35, 1465444603947, 1465444604434 
36, 1465444603948, 1465444604439 
37, 1465444603948, 1465444604445 
38, 1465444603948, 1465444604449 
39, 1465444603948, 1465444604453 
40, 1465444603952, 1465444604457 
41, 1465444603953, 1465444604462 
42, 1465444603953, 1465444604466 
43, 1465444603953, 1465444604470 
44, 1465444603953, 1465444604474 
45, 1465444603953, 1465444604478 
46, 1465444603953, 1465444604482 
47, 1465444603953, 1465444604487 
48, 1465444603954, 1465444604491 
49, 1465444603954, 1465444604495 
50, 1465444603954, 1465444604499 
51, 1465444603954, 1465444604511 
52, 1465444603954, 1465444604516 
53, 1465444603954, 1465444604522 
54, 1465444603955, 1465444604527 
55, 1465444603955, 1465444604533 
56, 1465444603955, 1465444604540 
57, 1465444603955, 1465444604545 
58, 1465444603956, 1465444604549 
59, 1465444603956, 1465444604553 
60, 1465444603956, 1465444604557 
61, 1465444603956, 1465444604561 
62, 1465444603956, 1465444604565 
63, 1465444603956, 1465444604569 
64, 1465444603957, 1465444604573 
65, 1465444603958, 1465444604577 
66, 1465444603958, 1465444604581 
67, 1465444603958, 1465444604585 
68, 1465444603958, 1465444604591 
69, 1465444603959, 1465444604595 
70, 1465444603959, 1465444604603 
71, 1465444603959, 1465444604609 
72, 1465444603959, 1465444604614 
73, 1465444603959, 1465444604618 
74, 1465444603960, 1465444604622 
75, 1465444603960, 1465444604626 
76, 1465444603960, 1465444604630 
77, 1465444603960, 1465444604633 
78, 1465444603960, 1465444604637 
79, 1465444603960, 1465444604642 
80, 1465444603961, 1465444604645 
81, 1465444603961, 1465444604650 
82, 1465444603961, 1465444604653 
83, 1465444603961, 1465444604657 
84, 1465444603961, 1465444604662 
85, 1465444603962, 1465444604666 
86, 1465444603962, 1465444604670 
87, 1465444603962, 1465444604674 
88, 1465444603962, 1465444604678 
89, 1465444603962, 1465444604682 
90, 1465444603962, 1465444604687 
91, 1465444603963, 1465444604692 
92, 1465444603963, 1465444604696 
93, 1465444603963, 1465444604711 
94, 1465444603963, 1465444604715 
95, 1465444603963, 1465444604719 
96, 1465444603963, 1465444604724 
97, 1465444603964, 1465444604728 
98, 1465444603964, 1465444604732 
99, 1465444603964, 1465444604737 
100, 1465444603965, 1465444604741 
101, 1465444603965, 1465444604745 
102, 1465444603965, 1465444604749 
103, 1465444603965, 1465444604755 
104, 1465444603965, 1465444604760 
105, 1465444603966, 1465444604764 
106, 1465444603966, 1465444604769 
107, 1465444603966, 1465444604773 
108, 1465444603966, 1465444604777 
109, 1465444603967, 1465444604781 
110, 1465444603967, 1465444604785 
111, 1465444603968, 1465444604789 
112, 1465444603968, 1465444604794 
113, 1465444603968, 1465444604801 
114, 1465444603968, 1465444604808 
115, 1465444603968, 1465444604813 
116, 1465444603968, 1465444604817 
117, 1465444603968, 1465444604821 
118, 1465444603969, 1465444604825 
119, 1465444603969, 1465444604829 
120, 1465444603969, 1465444604833 
121, 1465444603969, 1465444604837 
122, 1465444603970, 1465444604841 
123, 1465444603970, 1465444604845 
124, 1465444603970, 1465444604849 
125, 1465444603970, 1465444604854 
126, 1465444603970, 1465444604859 
127, 1465444603971, 1465444604863 
128, 1465444603971, 1465444604872 
129, 1465444603971, 1465444604877 
130, 1465444603971, 1465444604881 
131, 1465444603971, 1465444604884 
132, 1465444603972, 1465444604889 
133, 1465444603972, 1465444604893 
134, 1465444603972, 1465444604897 
135, 1465444603972, 1465444604902 
136, 1465444603972, 1465444604906 
137, 1465444603972, 1465444604910 
138, 1465444603973, 1465444604914 
139, 1465444603973, 1465444604918 
140, 1465444603973, 1465444604922 
141, 1465444603974, 1465444604926 
142, 1465444603974, 1465444604930 
143, 1465444603974, 1465444604935 
144, 1465444603974, 1465444604938 
145, 1465444603975, 1465444604943 
146, 1465444603975, 1465444604947 
147, 1465444603975, 1465444604951 
148, 1465444603975, 1465444604955 
149, 1465444603976, 1465444604960 
150, 1465444603976, 1465444604964 
151, 1465444603976, 1465444604972 
152, 1465444603976, 1465444604977 
153, 1465444603976, 1465444604981 
154, 1465444603976, 1465444604985 
155, 1465444603977, 1465444604989 
156, 1465444603977, 1465444604992 
157, 1465444603977, 1465444604996 
158, 1465444603977, 1465444605000 
159, 1465444603977, 1465444605004 
160, 1465444603977, 1465444605008 
161, 1465444603978, 1465444605012 
162, 1465444603978, 1465444605016 
163, 1465444603978, 1465444605020 
164, 1465444603978, 1465444605024 
165, 1465444603978, 1465444605028 
166, 1465444603978, 1465444605032 
167, 1465444603978, 1465444605036 
168, 1465444603978, 1465444605040 
169, 1465444603979, 1465444605044 
170, 1465444603979, 1465444605048 
171, 1465444603980, 1465444605052 
172, 1465444603980, 1465444605058 
173, 1465444603980, 1465444605062 
174, 1465444603980, 1465444605069 
175, 1465444603980, 1465444605074 
176, 1465444603980, 1465444605080 
177, 1465444603980, 1465444605084 
178, 1465444603980, 1465444605088 
179, 1465444603981, 1465444605092 
180, 1465444603981, 1465444605096 
181, 1465444603981, 1465444605100 
182, 1465444603981, 1465444605104 
183, 1465444603981, 1465444605108 
184, 1465444603981, 1465444605112 
185, 1465444603982, 1465444605116 
186, 1465444603982, 1465444605121 
187, 1465444603982, 1465444605128 
188, 1465444603982, 1465444605138 
189, 1465444603983, 1465444605144 
190, 1465444603983, 1465444605149 
191, 1465444603983, 1465444605153 
192, 1465444603983, 1465444605157 
193, 1465444603983, 1465444605161 
194, 1465444603983, 1465444605165 
195, 1465444603983, 1465444605169 
196, 1465444603984, 1465444605173 
197, 1465444603984, 1465444605178 
198, 1465444603984, 1465444605182 
199, 1465444603984, 1465444605186 
200, 1465444603984, 1465444605190 
201, 1465444603984, 1465444605193 
202, 1465444603984, 1465444605198 
203, 1465444603985, 1465444605202 
204, 1465444603985, 1465444605206 
205, 1465444603985, 1465444605210 
206, 1465444603985, 1465444605214 
207, 1465444603986, 1465444605219 
208, 1465444603986, 1465444605224 
209, 1465444603987, 1465444605228 
210, 1465444603987, 1465444605235 
211, 1465444603987, 1465444605241 
212, 1465444603987, 1465444605246 
213, 1465444603987, 1465444605250 
214, 1465444603988, 1465444605254 
215, 1465444603988, 1465444605258 
216, 1465444603988, 1465444605262 
217, 1465444603988, 1465444605266 
218, 1465444603988, 1465444605271 
219, 1465444603988, 1465444605275 
220, 1465444603988, 1465444605280 
221, 1465444603988, 1465444605284 
222, 1465444603988, 1465444605288 
223, 1465444603988, 1465444605292 
224, 1465444603989, 1465444605296 
225, 1465444603989, 1465444605300 
226, 1465444603989, 1465444605304 
227, 1465444603989, 1465444605308 
228, 1465444603990, 1465444605312 
229, 1465444603990, 1465444605316 
230, 1465444603990, 1465444605321 
231, 1465444603990, 1465444605326 
232, 1465444603990, 1465444605330 
233, 1465444603990, 1465444605337 
234, 1465444603990, 1465444605343 
235, 1465444603990, 1465444605347 
236, 1465444603991, 1465444605351 
237, 1465444603991, 1465444605356 
238, 1465444603991, 1465444605360 
239, 1465444603991, 1465444605364 
240, 1465444603991, 1465444605368 
241, 1465444603991, 1465444605372 
242, 1465444603991, 1465444605376 
243, 1465444603991, 1465444605380 
244, 1465444603991, 1465444605385 
245, 1465444603992, 1465444605390 
246, 1465444603992, 1465444605394 
247, 1465444603992, 1465444605400 
248, 1465444603992, 1465444605407 
249, 1465444603992, 1465444605412 
250, 1465444603993, 1465444605415 
251, 1465444603993, 1465444605420 
252, 1465444603993, 1465444605424 
253, 1465444603993, 1465444605427 
254, 1465444603993, 1465444605431 
255, 1465444603993, 1465444605436 
256, 1465444603993, 1465444605439 
257, 1465444603993, 1465444605443 
258, 1465444603993, 1465444605448 
259, 1465444603993, 1465444605452 
260, 1465444603994, 1465444605458 
261, 1465444603994, 1465444605462 
262, 1465444603995, 1465444605466 
263, 1465444603995, 1465444605470 
264, 1465444603995, 1465444605474 
265, 1465444603995, 1465444605479 
266, 1465444603995, 1465444605483 
267, 1465444603995, 1465444605487 
268, 1465444603996, 1465444605492 
269, 1465444603996, 1465444605496 
270, 1465444603996, 1465444605503 
271, 1465444603996, 1465444605509 
272, 1465444603996, 1465444605513 
273, 1465444603996, 1465444605517 
274, 1465444603996, 1465444605521 
275, 1465444603997, 1465444605525 
276, 1465444603997, 1465444605529 
277, 1465444603997, 1465444605533 
278, 1465444603997, 1465444605537 
279, 1465444603997, 1465444605541 
280, 1465444603997, 1465444605545 
281, 1465444603997, 1465444605550 
282, 1465444603997, 1465444605554 
283, 1465444603997, 1465444605558 
284, 1465444603998, 1465444605562 
285, 1465444603998, 1465444605566 
286, 1465444603998, 1465444605570 
287, 1465444603998, 1465444605575 
288, 1465444603998, 1465444605579 
289, 1465444603998, 1465444605583 
290, 1465444603998, 1465444605587 
291, 1465444603998, 1465444605592 
292, 1465444603998, 1465444605596 
293, 1465444603998, 1465444605602 
294, 1465444603998, 1465444605608 
295, 1465444603998, 1465444605612 
296, 1465444603998, 1465444605616 
297, 1465444603998, 1465444605620 
298, 1465444603999, 1465444605624 
299, 1465444603999, 1465444605628 
300, 1465444603999, 1465444605632 
301, 1465444603999, 1465444605635 
302, 1465444603999, 1465444605641 
303, 1465444603999, 1465444605645 
304, 1465444603999, 1465444605649 
305, 1465444603999, 1465444605654 
306, 1465444604000, 1465444605659 
307, 1465444604000, 1465444605663 
308, 1465444604000, 1465444605671 
309, 1465444604000, 1465444605676 
310, 1465444604000, 1465444605680 
311, 1465444604000, 1465444605684 
312, 1465444604000, 1465444605688 
313, 1465444604000, 1465444605692 
314, 1465444604000, 1465444605696 
315, 1465444604001, 1465444605700 
316, 1465444604001, 1465444605704 
317, 1465444604001, 1465444605708 
318, 1465444604001, 1465444605712 
319, 1465444604001, 1465444605717 
320, 1465444604001, 1465444605721 
321, 1465444604001, 1465444605725 
322, 1465444604001, 1465444605729 
323, 1465444604001, 1465444605733 
324, 1465444604001, 1465444605738 
325, 1465444604001, 1465444605742 
326, 1465444604001, 1465444605746 
327, 1465444604002, 1465444605750 
328, 1465444604002, 1465444605754 
329, 1465444604002, 1465444605759 
330, 1465444604002, 1465444605763 
331, 1465444604002, 1465444605771 
332, 1465444604002, 1465444605776 
333, 1465444604002, 1465444605780 
334, 1465444604002, 1465444605784 
335, 1465444604002, 1465444605788 
336, 1465444604002, 1465444605792 
337, 1465444604002, 1465444605796 
338, 1465444604002, 1465444605800 
339, 1465444604003, 1465444605804 
340, 1465444604003, 1465444605808 
341, 1465444604003, 1465444605812 
342, 1465444604003, 1465444605816 
343, 1465444604003, 1465444605820 
344, 1465444604003, 1465444605825 
345, 1465444604004, 1465444605829 
346, 1465444604004, 1465444605833 
347, 1465444604004, 1465444605837 
348, 1465444604004, 1465444605841 
349, 1465444604004, 1465444605845 
350, 1465444604004, 1465444605850 
351, 1465444604004, 1465444605854 
352, 1465444604004, 1465444605859 
353, 1465444604005, 1465444605863 
354, 1465444604005, 1465444605870 
355, 1465444604005, 1465444605875 
356, 1465444604005, 1465444605878 
357, 1465444604005, 1465444605883 
358, 1465444604005, 1465444605887 
359, 1465444604005, 1465444605890 
360, 1465444604005, 1465444605895 
361, 1465444604005, 1465444605899 
362, 1465444604005, 1465444605903 
363, 1465444604005, 1465444605907 
364, 1465444604005, 1465444605911 
365, 1465444604005, 1465444605916 
366, 1465444604005, 1465444605920 
367, 1465444604005, 1465444605924 
368, 1465444604005, 1465444605928 
369, 1465444604005, 1465444605933 
370, 1465444604005, 1465444605937 
371, 1465444604006, 1465444605941 
372, 1465444604006, 1465444605945 
373, 1465444604006, 1465444605949 
374, 1465444604006, 1465444605953 
375, 1465444604006, 1465444605958 
376, 1465444604006, 1465444605962 
377, 1465444604006, 1465444605968 
378, 1465444604006, 1465444605974 
379, 1465444604006, 1465444605978 
380, 1465444604006, 1465444605982 
381, 1465444604006, 1465444605986 
382, 1465444604007, 1465444605990 
383, 1465444604007, 1465444605994 
384, 1465444604007, 1465444605998 
385, 1465444604007, 1465444606002 
386, 1465444604007, 1465444606007 
387, 1465444604007, 1465444606012 
388, 1465444604007, 1465444606016 
389, 1465444604007, 1465444606020 
390, 1465444604007, 1465444606026 
391, 1465444604007, 1465444606030 
392, 1465444604007, 1465444606038 
393, 1465444604007, 1465444606043 
394, 1465444604007, 1465444606047 
395, 1465444604007, 1465444606051 
396, 1465444604007, 1465444606055 
397, 1465444604008, 1465444606059 
398, 1465444604008, 1465444606063 
399, 1465444604008, 1465444606067 
400, 1465444604008, 1465444606071 
401, 1465444604008, 1465444606075 
402, 1465444604008, 1465444606079 
403, 1465444604008, 1465444606083 
404, 1465444604008, 1465444606087 
405, 1465444604008, 1465444606091 
406, 1465444604008, 1465444606095 
407, 1465444604009, 1465444606099 
408, 1465444604009, 1465444606103 
409, 1465444604009, 1465444606107 
410, 1465444604009, 1465444606112 
411, 1465444604009, 1465444606116 
412, 1465444604009, 1465444606121 
413, 1465444604009, 1465444606126 
414, 1465444604010, 1465444606130 
415, 1465444604011, 1465444606138 
416, 1465444604011, 1465444606143 
417, 1465444604011, 1465444606147 
418, 1465444604011, 1465444606151 
419, 1465444604011, 1465444606155 
420, 1465444604011, 1465444606159 
421, 1465444604011, 1465444606164 
422, 1465444604011, 1465444606168 
423, 1465444604011, 1465444606172 
424, 1465444604011, 1465444606175 
425, 1465444604011, 1465444606180 
426, 1465444604011, 1465444606185 
427, 1465444604011, 1465444606188 
428, 1465444604011, 1465444606194 
429, 1465444604011, 1465444606198 
430, 1465444604011, 1465444606202 
431, 1465444604011, 1465444606206 
432, 1465444604012, 1465444606211 
433, 1465444604012, 1465444606214 
434, 1465444604012, 1465444606219 
435, 1465444604012, 1465444606224 
436, 1465444604012, 1465444606228 
437, 1465444604012, 1465444606233 
438, 1465444604012, 1465444606239 
439, 1465444604012, 1465444606245 
440, 1465444604012, 1465444606249 
441, 1465444604012, 1465444606253 
442, 1465444604012, 1465444606256 
443, 1465444604012, 1465444606260 
444, 1465444604012, 1465444606265 
445, 1465444604012, 1465444606268 
446, 1465444604012, 1465444606272 
447, 1465444604012, 1465444606277 
448, 1465444604012, 1465444606281 
449, 1465444604012, 1465444606285 
450, 1465444604012, 1465444606290 
451, 1465444604012, 1465444606294 
452, 1465444604012, 1465444606301 
453, 1465444604012, 1465444606306 
454, 1465444604012, 1465444606311 
455, 1465444604013, 1465444606315 
456, 1465444604013, 1465444606319 
457, 1465444604013, 1465444606323 
458, 1465444604013, 1465444606327 
459, 1465444604013, 1465444606331 
460, 1465444604013, 1465444606335 
461, 1465444604013, 1465444606339 
462, 1465444604013, 1465444606344 
463, 1465444604013, 1465444606348 
464, 1465444604014, 1465444606352 
465, 1465444604014, 1465444606356 
466, 1465444604014, 1465444606361 
467, 1465444604014, 1465444606365 
468, 1465444604014, 1465444606370 
469, 1465444604014, 1465444606375 
470, 1465444604014, 1465444606380 
471, 1465444604015, 1465444606385 
472, 1465444604015, 1465444606392 
473, 1465444604015, 1465444606396 
474, 1465444604016, 1465444606405 
475, 1465444604016, 1465444606412 
476, 1465444604016, 1465444606417 
477, 1465444604016, 1465444606421 
478, 1465444604016, 1465444606425 
479, 1465444604016, 1465444606430 
480, 1465444604016, 1465444606433 
481, 1465444604016, 1465444606437 
482, 1465444604016, 1465444606441 
483, 1465444604016, 1465444606446 
484, 1465444604016, 1465444606451 
485, 1465444604016, 1465444606455 
486, 1465444604017, 1465444606459 
487, 1465444604017, 1465444606463 
488, 1465444604017, 1465444606467 
489, 1465444604017, 1465444606471 
490, 1465444604017, 1465444606475 
491, 1465444604017, 1465444606479 
492, 1465444604017, 1465444606484 
493, 1465444604017, 1465444606488 
494, 1465444604017, 1465444606492 
495, 1465444604018, 1465444606496 
496, 1465444604018, 1465444606503 
497, 1465444604018, 1465444606508 
498, 1465444604018, 1465444606512 
499, 1465444604018, 1465444606517 
500, 1465444604018, 1465444606521 
501, 1465444604018, 1465444606524 
502, 1465444604018, 1465444606528 
503, 1465444604018, 1465444606533 
504, 1465444604018, 1465444606537 
505, 1465444604019, 1465444606542 
506, 1465444604019, 1465444606546 
507, 1465444604019, 1465444606550 
508, 1465444604019, 1465444606554 
509, 1465444604019, 1465444606560 
510, 1465444604019, 1465444606564 
511, 1465444604019, 1465444606573 
512, 1465444604019, 1465444606582 
513, 1465444604019, 1465444606585 
514, 1465444604019, 1465444606590 
515, 1465444604019, 1465444606594 
516, 1465444604019, 1465444606598 
517, 1465444604019, 1465444606602 
518, 1465444604019, 1465444606606 
519, 1465444604020, 1465444606610 
520, 1465444604020, 1465444606615 
521, 1465444604020, 1465444606620 
522, 1465444604020, 1465444606624 
523, 1465444604021, 1465444606628 
524, 1465444604021, 1465444606632 
525, 1465444604021, 1465444606637 
526, 1465444604021, 1465444606641 
527, 1465444604021, 1465444606645 
528, 1465444604021, 1465444606649 
529, 1465444604021, 1465444606654 
530, 1465444604021, 1465444606659 
531, 1465444604021, 1465444606663 
532, 1465444604021, 1465444606672 
533, 1465444604022, 1465444606678 
534, 1465444604022, 1465444606682 
535, 1465444604022, 1465444606687 
536, 1465444604022, 1465444606691 
537, 1465444604022, 1465444606695 
538, 1465444604022, 1465444606701 
539, 1465444604022, 1465444606706 
540, 1465444604022, 1465444606710 
541, 1465444604022, 1465444606714 
542, 1465444604022, 1465444606719 
543, 1465444604023, 1465444606723 
544, 1465444604023, 1465444606728 
545, 1465444604023, 1465444606733 
546, 1465444604023, 1465444606737 
547, 1465444604023, 1465444606741 
548, 1465444604023, 1465444606745 
549, 1465444604023, 1465444606752 
550, 1465444604023, 1465444606759 
551, 1465444604023, 1465444606763 
552, 1465444604024, 1465444606773 
553, 1465444604024, 1465444606779 
554, 1465444604024, 1465444606787 
555, 1465444604024, 1465444606794 
556, 1465444604024, 1465444606799 
557, 1465444604024, 1465444606805 
558, 1465444604024, 1465444606812 
559, 1465444604024, 1465444606816 
560, 1465444604024, 1465444606822 
561, 1465444604024, 1465444606828 
562, 1465444604024, 1465444606836 
563, 1465444604024, 1465444606844 
564, 1465444604025, 1465444606848 
565, 1465444604025, 1465444606853 
566, 1465444604025, 1465444606858 
567, 1465444604025, 1465444606863 
568, 1465444604025, 1465444606868 
569, 1465444604025, 1465444606872 
570, 1465444604025, 1465444606876 
571, 1465444604025, 1465444606880 
572, 1465444604025, 1465444606884 
573, 1465444604025, 1465444606888 
574, 1465444604025, 1465444606892 
575, 1465444604025, 1465444606896 
576, 1465444604025, 1465444606900 
577, 1465444604026, 1465444606904 
578, 1465444604026, 1465444606908 
579, 1465444604026, 1465444606912 
580, 1465444604026, 1465444606918 
581, 1465444604026, 1465444606922 
582, 1465444604026, 1465444606928 
583, 1465444604026, 1465444606936 
584, 1465444604026, 1465444606943 
585, 1465444604026, 1465444606949 
586, 1465444604026, 1465444606953 
587, 1465444604027, 1465444606957 
588, 1465444604027, 1465444606961 
589, 1465444604027, 1465444606965 
590, 1465444604027, 1465444606969 
591, 1465444604027, 1465444606973 
592, 1465444604027, 1465444606978 
593, 1465444604027, 1465444606981 
594, 1465444604027, 1465444606985 
595, 1465444604027, 1465444606989 
596, 1465444604027, 1465444606994 
597, 1465444604027, 1465444607000 
598, 1465444604027, 1465444607004 
599, 1465444604028, 1465444607009 
600, 1465444604028, 1465444607013 
601, 1465444604028, 1465444607017 
602, 1465444604028, 1465444607022 
603, 1465444604028, 1465444607027 
604, 1465444604029, 1465444607033 
605, 1465444604029, 1465444607040 
606, 1465444604029, 1465444607045 
607, 1465444604029, 1465444607048 
608, 1465444604029, 1465444607053 
609, 1465444604029, 1465444607057 
610, 1465444604029, 1465444607061 
611, 1465444604030, 1465444607065 
612, 1465444604030, 1465444607069 
613, 1465444604030, 1465444607073 
614, 1465444604030, 1465444607076 
615, 1465444604030, 1465444607080 
616, 1465444604030, 1465444607086 
617, 1465444604030, 1465444607091 
618, 1465444604030, 1465444607095 
619, 1465444604030, 1465444607104 
620, 1465444604030, 1465444607110 
621, 1465444604030, 1465444607116 
622, 1465444604031, 1465444607120 
623, 1465444604031, 1465444607124 
624, 1465444604031, 1465444607128 
625, 1465444604031, 1465444607132 
626, 1465444604031, 1465444607136 
627, 1465444604031, 1465444607140 
628, 1465444604031, 1465444607144 
629, 1465444604031, 1465444607148 
630, 1465444604031, 1465444607152 
631, 1465444604031, 1465444607156 
632, 1465444604031, 1465444607160 
633, 1465444604031, 1465444607166 
634, 1465444604031, 1465444607170 
635, 1465444604031, 1465444607174 
636, 1465444604032, 1465444607178 
637, 1465444604032, 1465444607182 
638, 1465444604032, 1465444607188 
639, 1465444604032, 1465444607194 
640, 1465444604032, 1465444607200 
641, 1465444604032, 1465444607208 
642, 1465444604032, 1465444607213 
643, 1465444604032, 1465444607217 
644, 1465444604032, 1465444607221 
645, 1465444604032, 1465444607225 
646, 1465444604032, 1465444607229 
647, 1465444604032, 1465444607233 
648, 1465444604033, 1465444607237 
649, 1465444604033, 1465444607241 
650, 1465444604033, 1465444607245 
651, 1465444604033, 1465444607251 
652, 1465444604033, 1465444607255 
653, 1465444604033, 1465444607259 
654, 1465444604033, 1465444607263 
655, 1465444604033, 1465444607267 
656, 1465444604033, 1465444607272 
657, 1465444604033, 1465444607276 
658, 1465444604033, 1465444607280 
659, 1465444604034, 1465444607285 
660, 1465444604034, 1465444607289 
661, 1465444604034, 1465444607294 
662, 1465444604034, 1465444607300 
663, 1465444604034, 1465444607308 
664, 1465444604034, 1465444607313 
665, 1465444604034, 1465444607318 
666, 1465444604034, 1465444607322 
667, 1465444604034, 1465444607326 
668, 1465444604034, 1465444607330 
669, 1465444604035, 1465444607335 
670, 1465444604035, 1465444607339 
671, 1465444604035, 1465444607343 
672, 1465444604035, 1465444607347 
673, 1465444604035, 1465444607352 
674, 1465444604035, 1465444607356 
675, 1465444604035, 1465444607362 
676, 1465444604035, 1465444607369 
677, 1465444604035, 1465444607374 
678, 1465444604035, 1465444607379 
679, 1465444604035, 1465444607383 
680, 1465444604036, 1465444607388 
681, 1465444604036, 1465444607392 
682, 1465444604036, 1465444607396 
683, 1465444604037, 1465444607401 
684, 1465444604037, 1465444607405 
685, 1465444604037, 1465444607409 
686, 1465444604037, 1465444607413 
687, 1465444604038, 1465444607419 
688, 1465444604038, 1465444607423 
689, 1465444604038, 1465444607427 
690, 1465444604038, 1465444607431 
691, 1465444604038, 1465444607436 
692, 1465444604038, 1465444607440 
693, 1465444604038, 1465444607444 
694, 1465444604038, 1465444607448 
695, 1465444604038, 1465444607453 
696, 1465444604038, 1465444607458 
697, 1465444604038, 1465444607463 
698, 1465444604038, 1465444607470 
699, 1465444604038, 1465444607475 
700, 1465444604038, 1465444607479 
701, 1465444604039, 1465444607483 
702, 1465444604039, 1465444607488 
703, 1465444604039, 1465444607492 
704, 1465444604039, 1465444607496 
705, 1465444604039, 1465444607501 
706, 1465444604039, 1465444607543 
707, 1465444604039, 1465444607547 
708, 1465444604039, 1465444607551 
709, 1465444604039, 1465444607556 
710, 1465444604039, 1465444607561 
711, 1465444604040, 1465444607566 
712, 1465444604040, 1465444607571 
713, 1465444604040, 1465444607576 
714, 1465444604040, 1465444607580 
715, 1465444604040, 1465444607585 
716, 1465444604040, 1465444607589 
717, 1465444604040, 1465444607592 
718, 1465444604041, 1465444607596 
719, 1465444604041, 1465444607600 
720, 1465444604041, 1465444607606 
721, 1465444604041, 1465444607610 
722, 1465444604042, 1465444607614 
723, 1465444604042, 1465444607619 
724, 1465444604042, 1465444607623 
725, 1465444604042, 1465444607627 
726, 1465444604042, 1465444607631 
727, 1465444604042, 1465444607635 
728, 1465444604042, 1465444607638 
729, 1465444604042, 1465444607642 
730, 1465444604042, 1465444607646 
731, 1465444604042, 1465444607650 
732, 1465444604042, 1465444607654 
733, 1465444604042, 1465444607659 
734, 1465444604043, 1465444607663 
735, 1465444604043, 1465444607671 
736, 1465444604043, 1465444607678 
737, 1465444604043, 1465444607682 
738, 1465444604043, 1465444607686 
739, 1465444604043, 1465444607689 
740, 1465444604043, 1465444607693 
741, 1465444604043, 1465444607697 
742, 1465444604043, 1465444607702 
743, 1465444604044, 1465444607706 
744, 1465444604044, 1465444607710 
745, 1465444604044, 1465444607714 
746, 1465444604044, 1465444607718 
747, 1465444604044, 1465444607722 
748, 1465444604044, 1465444607725 
749, 1465444604044, 1465444607729 
750, 1465444604044, 1465444607733 
751, 1465444604044, 1465444607737 
752, 1465444604044, 1465444607742 
753, 1465444604044, 1465444607746 
754, 1465444604044, 1465444607750 
755, 1465444604044, 1465444607754 
756, 1465444604045, 1465444607759 
757, 1465444604045, 1465444607763 
758, 1465444604045, 1465444607770 
759, 1465444604045, 1465444607775 
760, 1465444604045, 1465444607779 
761, 1465444604045, 1465444607784 
762, 1465444604045, 1465444607789 
763, 1465444604045, 1465444607793 
764, 1465444604045, 1465444607797 
765, 1465444604045, 1465444607801 
766, 1465444604045, 1465444607805 
767, 1465444604045, 1465444607809 
768, 1465444604045, 1465444607812 
769, 1465444604046, 1465444607816 
770, 1465444604046, 1465444607821 
771, 1465444604046, 1465444607826 
772, 1465444604047, 1465444607829 
773, 1465444604047, 1465444607837 
774, 1465444604047, 1465444607841 
775, 1465444604047, 1465444607846 
776, 1465444604053, 1465444607850 
777, 1465444604053, 1465444607853 
778, 1465444604053, 1465444607857 
779, 1465444604053, 1465444607861 
780, 1465444604053, 1465444607866 
781, 1465444604053, 1465444607870 
782, 1465444604053, 1465444607874 
783, 1465444604053, 1465444607878 
784, 1465444604053, 1465444607883 
785, 1465444604053, 1465444607887 
786, 1465444604053, 1465444607891 
787, 1465444604053, 1465444607894 
788, 1465444604053, 1465444607899 
789, 1465444604053, 1465444607903 
790, 1465444604054, 1465444607907 
791, 1465444604054, 1465444607911 
792, 1465444604054, 1465444607916 
793, 1465444604054, 1465444607920 
794, 1465444604054, 1465444607925 
795, 1465444604054, 1465444607929 
796, 1465444604054, 1465444607937 
797, 1465444604054, 1465444607942 
798, 1465444604054, 1465444607947 
799, 1465444604054, 1465444607953 
800, 1465444604054, 1465444607957 
801, 1465444604054, 1465444607961 
802, 1465444604055, 1465444607965 
803, 1465444604055, 1465444607969 
804, 1465444604055, 1465444607973 
805, 1465444604055, 1465444607978 
806, 1465444604055, 1465444607982 
807, 1465444604055, 1465444607986 
808, 1465444604055, 1465444607990 
809, 1465444604055, 1465444607994 
810, 1465444604055, 1465444607999 
811, 1465444604055, 1465444608003 
812, 1465444604055, 1465444608007 
813, 1465444604055, 1465444608011 
814, 1465444604055, 1465444608015 
815, 1465444604055, 1465444608019 
816, 1465444604055, 1465444608024 
817, 1465444604055, 1465444608028 
818, 1465444604056, 1465444608036 
819, 1465444604056, 1465444608041 
820, 1465444604056, 1465444608045 
821, 1465444604056, 1465444608049 
822, 1465444604056, 1465444608053 
823, 1465444604056, 1465444608057 
824, 1465444604056, 1465444608061 
825, 1465444604056, 1465444608065 
826, 1465444604057, 1465444608069 
827, 1465444604057, 1465444608073 
828, 1465444604057, 1465444608077 
829, 1465444604057, 1465444608080 
830, 1465444604057, 1465444608086 
831, 1465444604057, 1465444608090 
832, 1465444604057, 1465444608095 
833, 1465444604057, 1465444608103 
834, 1465444604057, 1465444608109 
835, 1465444604057, 1465444608114 
836, 1465444604057, 1465444608119 
837, 1465444604057, 1465444608123 
838, 1465444604057, 1465444608126 
839, 1465444604057, 1465444608130 
840, 1465444604057, 1465444608134 
841, 1465444604057, 1465444608138 
842, 1465444604057, 1465444608142 
843, 1465444604057, 1465444608146 
844, 1465444604057, 1465444608150 
845, 1465444604058, 1465444608154 
846, 1465444604058, 1465444608158 
847, 1465444604058, 1465444608163 
848, 1465444604058, 1465444608169 
849, 1465444604058, 1465444608173 
850, 1465444604058, 1465444608177 
851, 1465444604058, 1465444608181 
852, 1465444604058, 1465444608185 
853, 1465444604058, 1465444608190 
854, 1465444604058, 1465444608194 
855, 1465444604058, 1465444608198 
856, 1465444604058, 1465444608205 
857, 1465444604058, 1465444608211 
858, 1465444604058, 1465444608215 
859, 1465444604059, 1465444608219 
860, 1465444604059, 1465444608223 
861, 1465444604059, 1465444608227 
862, 1465444604059, 1465444608231 
863, 1465444604059, 1465444608235 
864, 1465444604059, 1465444608238 
865, 1465444604059, 1465444608243 
866, 1465444604059, 1465444608247 
867, 1465444604059, 1465444608251 
868, 1465444604059, 1465444608255 
869, 1465444604059, 1465444608260 
870, 1465444604059, 1465444608264 
871, 1465444604059, 1465444608268 
872, 1465444604059, 1465444608272 
873, 1465444604060, 1465444608276 
874, 1465444604060, 1465444608281 
875, 1465444604060, 1465444608285 
876, 1465444604060, 1465444608291 
877, 1465444604060, 1465444608295 
878, 1465444604060, 1465444608300 
879, 1465444604060, 1465444608307 
880, 1465444604060, 1465444608311 
881, 1465444604060, 1465444608315 
882, 1465444604060, 1465444608319 
883, 1465444604060, 1465444608323 
884, 1465444604061, 1465444608327 
885, 1465444604061, 1465444608332 
886, 1465444604061, 1465444608336 
887, 1465444604061, 1465444608340 
888, 1465444604061, 1465444608344 
889, 1465444604061, 1465444608348 
890, 1465444604061, 1465444608354 
891, 1465444604061, 1465444608360 
892, 1465444604061, 1465444608364 
893, 1465444604061, 1465444608373 
894, 1465444604061, 1465444608377 
895, 1465444604061, 1465444608383 
896, 1465444604061, 1465444608388 
897, 1465444604061, 1465444608391 
898, 1465444604061, 1465444608395 
899, 1465444604061, 1465444608399 
900, 1465444604061, 1465444608404 
901, 1465444604061, 1465444608407 
902, 1465444604061, 1465444608412 
903, 1465444604062, 1465444608416 
904, 1465444604062, 1465444608420 
905, 1465444604062, 1465444608424 
906, 1465444604062, 1465444608428 
907, 1465444604062, 1465444608432 
908, 1465444604062, 1465444608436 
909, 1465444604062, 1465444608441 
910, 1465444604062, 1465444608445 
911, 1465444604062, 1465444608449 
912, 1465444604062, 1465444608454 
913, 1465444604062, 1465444608459 
914, 1465444604063, 1465444608464 
915, 1465444604063, 1465444608472 
916, 1465444604063, 1465444608478 
917, 1465444604063, 1465444608482 
918, 1465444604063, 1465444608486 
919, 1465444604063, 1465444608490 
920, 1465444604063, 1465444608494 
921, 1465444604063, 1465444608498 
922, 1465444604063, 1465444608503 
923, 1465444604064, 1465444608507 
924, 1465444604064, 1465444608511 
925, 1465444604064, 1465444608515 
926, 1465444604064, 1465444608519 
927, 1465444604064, 1465444608523 
928, 1465444604064, 1465444608527 
929, 1465444604064, 1465444608531 
930, 1465444604064, 1465444608536 
931, 1465444604064, 1465444608540 
932, 1465444604064, 1465444608545 
933, 1465444604064, 1465444608549 
934, 1465444604064, 1465444608553 
935, 1465444604064, 1465444608558 
936, 1465444604064, 1465444608562 
937, 1465444604064, 1465444608570 
938, 1465444604064, 1465444608574 
939, 1465444604065, 1465444608579 
940, 1465444604065, 1465444608583 
941, 1465444604065, 1465444608587 
942, 1465444604065, 1465444608591 
943, 1465444604065, 1465444608595 
944, 1465444604065, 1465444608599 
945, 1465444604066, 1465444608603 
946, 1465444604066, 1465444608608 
947, 1465444604066, 1465444608611 
948, 1465444604066, 1465444608616 
949, 1465444604066, 1465444608620 
950, 1465444604066, 1465444608625 
951, 1465444604066, 1465444608629 
952, 1465444604066, 1465444608636 
953, 1465444604066, 1465444608641 
954, 1465444604066, 1465444608645 
955, 1465444604067, 1465444608649 
956, 1465444604067, 1465444608653 
957, 1465444604067, 1465444608657 
958, 1465444604067, 1465444608662 
959, 1465444604067, 1465444608666 
960, 1465444604067, 1465444608670 
961, 1465444604067, 1465444608674 
962, 1465444604067, 1465444608678 
963, 1465444604067, 1465444608683 
964, 1465444604067, 1465444608687 
965, 1465444604067, 1465444608690 
966, 1465444604067, 1465444608695 
967, 1465444604067, 1465444608699 
968, 1465444604067, 1465444608703 
969, 1465444604068, 1465444608707 
970, 1465444604068, 1465444608712 
971, 1465444604068, 1465444608716 
972, 1465444604068, 1465444608720 
973, 1465444604068, 1465444608725 
974, 1465444604068, 1465444608729 
975, 1465444604068, 1465444608738 
976, 1465444604068, 1465444608743 
977, 1465444604068, 1465444608747 
978, 1465444604068, 1465444608751 
979, 1465444604068, 1465444608755 
980, 1465444604068, 1465444608759 
981, 1465444604068, 1465444608763 
982, 1465444604068, 1465444608767 
983, 1465444604068, 1465444608771 
984, 1465444604068, 1465444608775 
985, 1465444604068, 1465444608779 
986, 1465444604069, 1465444608784 
987, 1465444604069, 1465444608788 
988, 1465444604069, 1465444608792 
989, 1465444604069, 1465444608796 
990, 1465444604069, 1465444608800 
991, 1465444604069, 1465444608804 
992, 1465444604069, 1465444608808 
993, 1465444604069, 1465444608812 
994, 1465444604069, 1465444608816 
995, 1465444604069, 1465444608820 
996, 1465444604069, 1465444608825 
997, 1465444604069, 1465444608829 
998, 1465444604069, 1465444608834 
999, 1465444604069, 1465444608838 
1000, 1465444604069, 1465444608843 
1001, 1465444604070, 1465444608847 
1002, 1465444604070, 1465444608851 
1003, 1465444604070, 1465444608855 
1004, 1465444604070, 1465444608859 
1005, 1465444604070, 1465444608863 
1006, 1465444604070, 1465444608867 
1007, 1465444604070, 1465444608871 
1008, 1465444604070, 1465444608875 
1009, 1465444604070, 1465444608879 
1010, 1465444604070, 1465444608883 
1011, 1465444604070, 1465444608887 
1012, 1465444604070, 1465444608891 
1013, 1465444604070, 1465444608895 
1014, 1465444604070, 1465444608899 
1015, 1465444604070, 1465444608903 
1016, 1465444604070, 1465444608908 
1017, 1465444604070, 1465444608913 
1018, 1465444604070, 1465444608918 
1019, 1465444604070, 1465444608922 
1020, 1465444604070, 1465444608927 
1021, 1465444604070, 1465444608931 
1022, 1465444604070, 1465444608937 
1023, 1465444604071, 1465444608942 
1024, 1465444604071, 1465444608946 
1025, 1465444604071, 1465444608954 
1026, 1465444604071, 1465444608958 
1027, 1465444604071, 1465444608962 
1028, 1465444604071, 1465444608966 
1029, 1465444604071, 1465444608970 
1030, 1465444604071, 1465444608974 
1031, 1465444604071, 1465444608978 
1032, 1465444604071, 1465444608982 
1033, 1465444604071, 1465444608985 
1034, 1465444604071, 1465444608988 
1035, 1465444604071, 1465444608992 
1036, 1465444604071, 1465444608995 
1037, 1465444604071, 1465444608999 
1038, 1465444604071, 1465444609005 
1039, 1465444604071, 1465444609009 
1040, 1465444604071, 1465444609012 
1041, 1465444604071, 1465444609015 
1042, 1465444604071, 1465444609018 
1043, 1465444604072, 1465444609022 
1044, 1465444604072, 1465444609028 
1045, 1465444604072, 1465444609031 
1046, 1465444604072, 1465444609035 
1047, 1465444604072, 1465444609039 
1048, 1465444604072, 1465444609043 
1049, 1465444604072, 1465444609047 
1050, 1465444604072, 1465444609051 
1051, 1465444604072, 1465444609055 
1052, 1465444604072, 1465444609059 
1053, 1465444604072, 1465444609063 
1054, 1465444604072, 1465444609067 
1055, 1465444604072, 1465444609071 
1056, 1465444604072, 1465444609075 
1057, 1465444604072, 1465444609079 
1058, 1465444604072, 1465444609083 
1059, 1465444604073, 1465444609088 
1060, 1465444604073, 1465444609095 
1061, 1465444604073, 1465444609102 
1062, 1465444604073, 1465444609111 
1063, 1465444604073, 1465444609115 
1064, 1465444604073, 1465444609119 
1065, 1465444604073, 1465444609123 
1066, 1465444604073, 1465444609127 
1067, 1465444604073, 1465444609131 
1068, 1465444604073, 1465444609135 
1069, 1465444604073, 1465444609139 
1070, 1465444604073, 1465444609143 
1071, 1465444604074, 1465444609147 
1072, 1465444604074, 1465444609151 
1073, 1465444604074, 1465444609155 
1074, 1465444604074, 1465444609159 
1075, 1465444604074, 1465444609163 
1076, 1465444604074, 1465444609167 
1077, 1465444604074, 1465444609171 
1078, 1465444604074, 1465444609175 
1079, 1465444604074, 1465444609179 
1080, 1465444604074, 1465444609183 
1081, 1465444604074, 1465444609187 
1082, 1465444604074, 1465444609192 
1083, 1465444604074, 1465444609196 
1084, 1465444604074, 1465444609203 
1085, 1465444604074, 1465444609208 
1086, 1465444604074, 1465444609212 
1087, 1465444604074, 1465444609216 
1088, 1465444604074, 1465444609220 
1089, 1465444604074, 1465444609224 
1090, 1465444604074, 1465444609228 
1091, 1465444604074, 1465444609232 
1092, 1465444604074, 1465444609236 
1093, 1465444604075, 1465444609241 
1094, 1465444604075, 1465444609244 
1095, 1465444604075, 1465444609248 
1096, 1465444604075, 1465444609253 
1097, 1465444604075, 1465444609258 
1098, 1465444604075, 1465444609262 
1099, 1465444604075, 1465444609269 
1100, 1465444604075, 1465444609275 
1101, 1465444604075, 1465444609280 
1102, 1465444604075, 1465444609285 
1103, 1465444604075, 1465444609289 
1104, 1465444604075, 1465444609293 
1105, 1465444604075, 1465444609297 
1106, 1465444604075, 1465444609301 
1107, 1465444604075, 1465444609306 
1108, 1465444604075, 1465444609310 
1109, 1465444604075, 1465444609314 
1110, 1465444604075, 1465444609318 
1111, 1465444604075, 1465444609322 
1112, 1465444604075, 1465444609326 
1113, 1465444604075, 1465444609330 
1114, 1465444604075, 1465444609334 
1115, 1465444604075, 1465444609338 
1116, 1465444604076, 1465444609343 
1117, 1465444604076, 1465444609347 
1118, 1465444604076, 1465444609351 
1119, 1465444604076, 1465444609356 
1120, 1465444604076, 1465444609361 
1121, 1465444604076, 1465444609365 
1122, 1465444604076, 1465444609371 
1123, 1465444604076, 1465444609376 
1124, 1465444604076, 1465444609380 
1125, 1465444604076, 1465444609386 
1126, 1465444604076, 1465444609390 
1127, 1465444604076, 1465444609394 
1128, 1465444604077, 1465444609398 
1129, 1465444604077, 1465444609402 
1130, 1465444604077, 1465444609406 
1131, 1465444604077, 1465444609410 
1132, 1465444604077, 1465444609414 
1133, 1465444604077, 1465444609418 
1134, 1465444604077, 1465444609422 
1135, 1465444604077, 1465444609426 
1136, 1465444604077, 1465444609433 
1137, 1465444604077, 1465444609437 
1138, 1465444604077, 1465444609442 
1139, 1465444604078, 1465444609446 
1140, 1465444604078, 1465444609450 
1141, 1465444604078, 1465444609454 
1142, 1465444604078, 1465444609459 
1143, 1465444604078, 1465444609463 
1144, 1465444604078, 1465444609469 
1145, 1465444604078, 1465444609476 
1146, 1465444604078, 1465444609480 
1147, 1465444604078, 1465444609484 
1148, 1465444604079, 1465444609488 
1149, 1465444604079, 1465444609492 
1150, 1465444604079, 1465444609496 
1151, 1465444604079, 1465444609500 
1152, 1465444604079, 1465444609504 
1153, 1465444604079, 1465444609509 
1154, 1465444604079, 1465444609513 
1155, 1465444604079, 1465444609517 
1156, 1465444604079, 1465444609522 
1157, 1465444604079, 1465444609527 
1158, 1465444604079, 1465444609531 
1159, 1465444604079, 1465444609539 
1160, 1465444604080, 1465444609545 
1161, 1465444604080, 1465444609549 
1162, 1465444604080, 1465444609553 
1163, 1465444604080, 1465444609557 
1164, 1465444604080, 1465444609561 
1165, 1465444604080, 1465444609565 
1166, 1465444604080, 1465444609569 
1167, 1465444604080, 1465444609574 
1168, 1465444604080, 1465444609578 
1169, 1465444604080, 1465444609582 
1170, 1465444604080, 1465444609586 
1171, 1465444604080, 1465444609590 
1172, 1465444604080, 1465444609595 
1173, 1465444604080, 1465444609599 
1174, 1465444604080, 1465444609603 
1175, 1465444604080, 1465444609607 
1176, 1465444604080, 1465444609611 
1177, 1465444604080, 1465444609615 
1178, 1465444604080, 1465444609620 
1179, 1465444604080, 1465444609625 
1180, 1465444604080, 1465444609629 
1181, 1465444604080, 1465444609635 
1182, 1465444604081, 1465444609641 
1183, 1465444604081, 1465444609645 
1184, 1465444604081, 1465444609649 
1185, 1465444604081, 1465444609653 
1186, 1465444604081, 1465444609657 
1187, 1465444604081, 1465444609661 
1188, 1465444604081, 1465444609666 
1189, 1465444604081, 1465444609670 
1190, 1465444604081, 1465444609674 
1191, 1465444604081, 1465444609679 
1192, 1465444604081, 1465444609683 
1193, 1465444604081, 1465444609687 
1194, 1465444604081, 1465444609691 
1195, 1465444604081, 1465444609695 
1196, 1465444604081, 1465444609699 
1197, 1465444604081, 1465444609703 
1198, 1465444604082, 1465444609708 
1199, 1465444604082, 1465444609712 
1200, 1465444604082, 1465444609716 
1201, 1465444604082, 1465444609720 
1202, 1465444604082, 1465444609726 
1203, 1465444604082, 1465444609730 
1204, 1465444604082, 1465444609735 
1205, 1465444604082, 1465444609741 
1206, 1465444604082, 1465444609746 
1207, 1465444604082, 1465444609750 
1208, 1465444604082, 1465444609754 
1209, 1465444604082, 1465444609758 
1210, 1465444604082, 1465444609762 
1211, 1465444604082, 1465444609766 
1212, 1465444604082, 1465444609770 
1213, 1465444604082, 1465444609774 
1214, 1465444604082, 1465444609778 
1215, 1465444604082, 1465444609782 
1216, 1465444604082, 1465444609787 
1217, 1465444604083, 1465444609792 
1218, 1465444604083, 1465444609796 
1219, 1465444604083, 1465444609803 
1220, 1465444604083, 1465444609808 
1221, 1465444604083, 1465444609813 
1222, 1465444604083, 1465444609817 
1223, 1465444604083, 1465444609821 
1224, 1465444604083, 1465444609825 
1225, 1465444604083, 1465444609829 
1226, 1465444604083, 1465444609833 
1227, 1465444604083, 1465444609838 
1228, 1465444604083, 1465444609842 
1229, 1465444604083, 1465444609847 
1230, 1465444604083, 1465444609852 
1231, 1465444604083, 1465444609857 
1232, 1465444604084, 1465444609861 
1233, 1465444604084, 1465444609865 
1234, 1465444604084, 1465444609869 
1235, 1465444604084, 1465444609873 
1236, 1465444604084, 1465444609877 
1237, 1465444604084, 1465444609882 
1238, 1465444604084, 1465444609887 
1239, 1465444604084, 1465444609892 
1240, 1465444604084, 1465444609896 
1241, 1465444604084, 1465444609901 
1242, 1465444604084, 1465444609906 
1243, 1465444604084, 1465444609911 
1244, 1465444604084, 1465444609914 
1245, 1465444604084, 1465444609918 
1246, 1465444604084, 1465444609922 
1247, 1465444604084, 1465444609926 
1248, 1465444604084, 1465444609930 
1249, 1465444604085, 1465444609934 
1250, 1465444604085, 1465444609939 
1251, 1465444604085, 1465444609943 
1252, 1465444604085, 1465444609947 
1253, 1465444604085, 1465444609951 
1254, 1465444604085, 1465444609955 
1255, 1465444604085, 1465444609959 
1256, 1465444604085, 1465444609964 
1257, 1465444604085, 1465444609968 
1258, 1465444604085, 1465444609972 
1259, 1465444604085, 1465444609976 
1260, 1465444604085, 1465444609980 
1261, 1465444604085, 1465444609984 
1262, 1465444604085, 1465444609989 
1263, 1465444604085, 1465444609993 
1264, 1465444604085, 1465444609997 
1265, 1465444604085, 1465444610004 
1266, 1465444604085, 1465444610009 
1267, 1465444604085, 1465444610013 
1268, 1465444604085, 1465444610017 
1269, 1465444604085, 1465444610021 
1270, 1465444604085, 1465444610025 
1271, 1465444604085, 1465444610029 
1272, 1465444604085, 1465444610033 
1273, 1465444604085, 1465444610039 
1274, 1465444604085, 1465444610043 
1275, 1465444604085, 1465444610048 
1276, 1465444604085, 1465444610053 
1277, 1465444604086, 1465444610059 
1278, 1465444604086, 1465444610063 
1279, 1465444604086, 1465444610070 
1280, 1465444604086, 1465444610076 
1281, 1465444604086, 1465444610081 
1282, 1465444604086, 1465444610085 
1283, 1465444604086, 1465444610090 
1284, 1465444604086, 1465444610094 
1285, 1465444604086, 1465444610098 
1286, 1465444604086, 1465444610102 
1287, 1465444604086, 1465444610106 
1288, 1465444604086, 1465444610110 
1289, 1465444604086, 1465444610114 
1290, 1465444604086, 1465444610118 
1291, 1465444604086, 1465444610122 
1292, 1465444604086, 1465444610126 
1293, 1465444604086, 1465444610130 
1294, 1465444604086, 1465444610134 
1295, 1465444604086, 1465444610138 
1296, 1465444604086, 1465444610142 
1297, 1465444604086, 1465444610146 
1298, 1465444604087, 1465444610151 
1299, 1465444604087, 1465444610155 
1300, 1465444604087, 1465444610160 
1301, 1465444604087, 1465444610166 
1302, 1465444604087, 1465444610173 
1303, 1465444604087, 1465444610179 
1304, 1465444604087, 1465444610183 
1305, 1465444604087, 1465444610187 
1306, 1465444604087, 1465444610191 
1307, 1465444604087, 1465444610195 
1308, 1465444604087, 1465444610199 
1309, 1465444604087, 1465444610203 
1310, 1465444604088, 1465444610207 
1311, 1465444604088, 1465444610211 
1312, 1465444604088, 1465444610215 
1313, 1465444604088, 1465444610219 
1314, 1465444604088, 1465444610225 
1315, 1465444604088, 1465444610229 
1316, 1465444604088, 1465444610240 
1317, 1465444604088, 1465444610246 
1318, 1465444604088, 1465444610250 
1319, 1465444604088, 1465444610255 
1320, 1465444604088, 1465444610261 
1321, 1465444604088, 1465444610264 
1322, 1465444604088, 1465444610272 
1323, 1465444604088, 1465444610277 
1324, 1465444604088, 1465444610281 
1325, 1465444604089, 1465444610285 
1326, 1465444604089, 1465444610289 
1327, 1465444604089, 1465444610293 
1328, 1465444604089, 1465444610297 
1329, 1465444604089, 1465444610301 
1330, 1465444604089, 1465444610305 
1331, 1465444604089, 1465444610309 
1332, 1465444604089, 1465444610313 
1333, 1465444604089, 1465444610317 
1334, 1465444604090, 1465444610322 
1335, 1465444604090, 1465444610327 
1336, 1465444604090, 1465444610331 
1337, 1465444604090, 1465444610340 
1338, 1465444604090, 1465444610345 
1339, 1465444604090, 1465444610349 
1340, 1465444604090, 1465444610353 
1341, 1465444604090, 1465444610357 
1342, 1465444604090, 1465444610362 
1343, 1465444604090, 1465444610366 
1344, 1465444604090, 1465444610370 
1345, 1465444604090, 1465444610374 
1346, 1465444604090, 1465444610378 
1347, 1465444604090, 1465444610382 
1348, 1465444604090, 1465444610387 
1349, 1465444604090, 1465444610391 
1350, 1465444604090, 1465444610395 
1351, 1465444604090, 1465444610399 
1352, 1465444604090, 1465444610403 
1353, 1465444604090, 1465444610407 
1354, 1465444604090, 1465444610411 
1355, 1465444604091, 1465444610415 
1356, 1465444604091, 1465444610420 
1357, 1465444604091, 1465444610425 
1358, 1465444604091, 1465444610430 
1359, 1465444604091, 1465444610439 
1360, 1465444604091, 1465444610446 
1361, 1465444604091, 1465444610450 
1362, 1465444604091, 1465444610454 
1363, 1465444604091, 1465444610458 
1364, 1465444604091, 1465444610462 
1365, 1465444604091, 1465444610466 
1366, 1465444604091, 1465444610470 
1367, 1465444604091, 1465444610474 
1368, 1465444604091, 1465444610478 
1369, 1465444604091, 1465444610483 
1370, 1465444604091, 1465444610487 
1371, 1465444604091, 1465444610492 
1372, 1465444604091, 1465444610496 
1373, 1465444604091, 1465444610504 
1374, 1465444604091, 1465444610509 
1375, 1465444604091, 1465444610513 
1376, 1465444604091, 1465444610518 
1377, 1465444604091, 1465444610522 
1378, 1465444604091, 1465444610526 
1379, 1465444604091, 1465444610530 
1380, 1465444604091, 1465444610534 
1381, 1465444604091, 1465444610538 
1382, 1465444604092, 1465444610542 
1383, 1465444604092, 1465444610546 
1384, 1465444604092, 1465444610550 
1385, 1465444604092, 1465444610554 
1386, 1465444604092, 1465444610558 
1387, 1465444604092, 1465444610562 
1388, 1465444604092, 1465444610566 
1389, 1465444604092, 1465444610570 
1390, 1465444604092, 1465444610575 
1391, 1465444604092, 1465444610578 
1392, 1465444604092, 1465444610583 
1393, 1465444604092, 1465444610587 
1394, 1465444604092, 1465444610593 
1395, 1465444604092, 1465444610597 
1396, 1465444604092, 1465444610606 
1397, 1465444604093, 1465444610612 
1398, 1465444604093, 1465444610616 
1399, 1465444604093, 1465444610620 
1400, 1465444604093, 1465444610625 
1401, 1465444604093, 1465444610630 
1402, 1465444604093, 1465444610634 
1403, 1465444604093, 1465444610638 
1404, 1465444604093, 1465444610643 
1405, 1465444604093, 1465444610647 
1406, 1465444604093, 1465444610651 
1407, 1465444604093, 1465444610655 
1408, 1465444604093, 1465444610659 
1409, 1465444604093, 1465444610664 
1410, 1465444604093, 1465444610668 
1411, 1465444604093, 1465444610672 
1412, 1465444604093, 1465444610676 
1413, 1465444604093, 1465444610681 
1414, 1465444604094, 1465444610685 
1415, 1465444604094, 1465444610690 
1416, 1465444604094, 1465444610694 
1417, 1465444604094, 1465444610698 
1418, 1465444604094, 1465444610705 
1419, 1465444604094, 1465444610710 
1420, 1465444604094, 1465444610714 
1421, 1465444604094, 1465444610718 
1422, 1465444604094, 1465444610722 
1423, 1465444604094, 1465444610726 
1424, 1465444604094, 1465444610730 
1425, 1465444604094, 1465444610734 
1426, 1465444604094, 1465444610738 
1427, 1465444604094, 1465444610742 
1428, 1465444604094, 1465444610747 
1429, 1465444604094, 1465444610751 
1430, 1465444604094, 1465444610755 
1431, 1465444604094, 1465444610759 
1432, 1465444604094, 1465444610764 
1433, 1465444604094, 1465444610768 
1434, 1465444604094, 1465444610773 
1435, 1465444604094, 1465444610778 
1436, 1465444604094, 1465444610782 
1437, 1465444604094, 1465444610787 
1438, 1465444604095, 1465444610792 
1439, 1465444604095, 1465444610796 
1440, 1465444604095, 1465444610802 
1441, 1465444604095, 1465444610808 
1442, 1465444604095, 1465444610812 
1443, 1465444604095, 1465444610816 
1444, 1465444604095, 1465444610821 
1445, 1465444604095, 1465444610825 
1446, 1465444604095, 1465444610829 
1447, 1465444604095, 1465444610834 
1448, 1465444604095, 1465444610838 
1449, 1465444604095, 1465444610842 
1450, 1465444604095, 1465444610847 
1451, 1465444604095, 1465444610851 
1452, 1465444604095, 1465444610855 
1453, 1465444604095, 1465444610860 
1454, 1465444604095, 1465444610865 
1455, 1465444604095, 1465444610872 
1456, 1465444604095, 1465444610877 
1457, 1465444604095, 1465444610881 
1458, 1465444604095, 1465444610886 
1459, 1465444604095, 1465444610889 
1460, 1465444604095, 1465444610894 
1461, 1465444604095, 1465444610898 
1462, 1465444604095, 1465444610902 
1463, 1465444604096, 1465444610907 
1464, 1465444604096, 1465444610911 
1465, 1465444604096, 1465444610915 
1466, 1465444604096, 1465444610919 
1467, 1465444604096, 1465444610923 
1468, 1465444604096, 1465444610927 
1469, 1465444604096, 1465444610931 
1470, 1465444604096, 1465444610936 
1471, 1465444604096, 1465444610940 
1472, 1465444604096, 1465444610944 
1473, 1465444604096, 1465444610948 
1474, 1465444604096, 1465444610952 
1475, 1465444604096, 1465444610958 
1476, 1465444604096, 1465444610962 
1477, 1465444604096, 1465444610969 
1478, 1465444604096, 1465444610976 
1479, 1465444604097, 1465444610981 
1480, 1465444604097, 1465444610985 
1481, 1465444604097, 1465444610989 
1482, 1465444604097, 1465444610993 
1483, 1465444604097, 1465444610997 
1484, 1465444604098, 1465444611001 
1485, 1465444604099, 1465444611006 
1486, 1465444604100, 1465444611011 
1487, 1465444604100, 1465444611016 
1488, 1465444604100, 1465444611021 
1489, 1465444604101, 1465444611025 
1490, 1465444604101, 1465444611029 
1491, 1465444604101, 1465444611033 
1492, 1465444604101, 1465444611038 
1493, 1465444604101, 1465444611042 
1494, 1465444604102, 1465444611046 
1495, 1465444604102, 1465444611050 
1496, 1465444604103, 1465444611055 
1497, 1465444604103, 1465444611060 
1498, 1465444604103, 1465444611064 
1499, 1465444604103, 1465444611070 
1500, 1465444604103, 1465444611075 
1501, 1465444604103, 1465444611079 
1502, 1465444604103, 1465444611084 
1503, 1465444604103, 1465444611087 
1504, 1465444604103, 1465444611092 
1505, 1465444604103, 1465444611096 
1506, 1465444604103, 1465444611100 
1507, 1465444604104, 1465444611104 
1508, 1465444604104, 1465444611109 
1509, 1465444604104, 1465444611114 
1510, 1465444604104, 1465444611118 
1511, 1465444604104, 1465444611123 
1512, 1465444604105, 1465444611128 
1513, 1465444604105, 1465444611133 
1514, 1465444604105, 1465444611140 
1515, 1465444604105, 1465444611145 
1516, 1465444604105, 1465444611149 
1517, 1465444604105, 1465444611153 
1518, 1465444604105, 1465444611157 
1519, 1465444604105, 1465444611161 
1520, 1465444604105, 1465444611166 
1521, 1465444604105, 1465444611170 
1522, 1465444604107, 1465444611174 
1523, 1465444604108, 1465444611179 
1524, 1465444604108, 1465444611183 
1525, 1465444604109, 1465444611187 
1526, 1465444604109, 1465444611191 
1527, 1465444604109, 1465444611196 
1528, 1465444604110, 1465444611200 
1529, 1465444604111, 1465444611206 
1530, 1465444604113, 1465444611211 
1531, 1465444604113, 1465444611215 
1532, 1465444604113, 1465444611220 
1533, 1465444604113, 1465444611225 
1534, 1465444604113, 1465444611240 
1535, 1465444604113, 1465444611245 
1536, 1465444604113, 1465444611250 
1537, 1465444604114, 1465444611254 
1538, 1465444604114, 1465444611258 
1539, 1465444604114, 1465444611262 
1540, 1465444604114, 1465444611266 
1541, 1465444604114, 1465444611271 
1542, 1465444604114, 1465444611275 
1543, 1465444604114, 1465444611280 
1544, 1465444604114, 1465444611284 
1545, 1465444604115, 1465444611289 
1546, 1465444604115, 1465444611293 
1547, 1465444604115, 1465444611297 
1548, 1465444604117, 1465444611305 
1549, 1465444604117, 1465444611310 
1550, 1465444604117, 1465444611314 
1551, 1465444604117, 1465444611318 
1552, 1465444604117, 1465444611322 
1553, 1465444604117, 1465444611326 
1554, 1465444604118, 1465444611330 
1555, 1465444604118, 1465444611335 
1556, 1465444604118, 1465444611339 
1557, 1465444604119, 1465444611343 
1558, 1465444604120, 1465444611347 
1559, 1465444604121, 1465444611351 
1560, 1465444604122, 1465444611355 
1561, 1465444604123, 1465444611360 
1562, 1465444604126, 1465444611364 
1563, 1465444604127, 1465444611368 
1564, 1465444604127, 1465444611372 
1565, 1465444604127, 1465444611376 
1566, 1465444604127, 1465444611381 
1567, 1465444604128, 1465444611386 
1568, 1465444604128, 1465444611391 
1569, 1465444604128, 1465444611395 
1570, 1465444604128, 1465444611401 
1571, 1465444604129, 1465444611407 
1572, 1465444604131, 1465444611413 
1573, 1465444604131, 1465444611417 
1574, 1465444604131, 1465444611421 
1575, 1465444604131, 1465444611425 
1576, 1465444604131, 1465444611430 
1577, 1465444604131, 1465444611434 
1578, 1465444604131, 1465444611438 
1579, 1465444604131, 1465444611442 
1580, 1465444604131, 1465444611446 
1581, 1465444604131, 1465444611451 
1582, 1465444604133, 1465444611455 
1583, 1465444604136, 1465444611459 
1584, 1465444604137, 1465444611463 
1585, 1465444604137, 1465444611467 
1586, 1465444604137, 1465444611471 
1587, 1465444604137, 1465444611476 
1588, 1465444604137, 1465444611480 
1589, 1465444604137, 1465444611485 
1590, 1465444604137, 1465444611489 
1591, 1465444604137, 1465444611495 
1592, 1465444604138, 1465444611499 
1593, 1465444604138, 1465444611505 
1594, 1465444604138, 1465444611510 
1595, 1465444604138, 1465444611514 
1596, 1465444604138, 1465444611518 
1597, 1465444604138, 1465444611522 
1598, 1465444604138, 1465444611526 
1599, 1465444604138, 1465444611531 
1600, 1465444604138, 1465444611535 
1601, 1465444604138, 1465444611539 
1602, 1465444604138, 1465444611544 
1603, 1465444604138, 1465444611548 
1604, 1465444604138, 1465444611552 
1605, 1465444604138, 1465444611556 
1606, 1465444604138, 1465444611560 
1607, 1465444604138, 1465444611564 
1608, 1465444604138, 1465444611569 
1609, 1465444604138, 1465444611573 
1610, 1465444604138, 1465444611577 
1611, 1465444604138, 1465444611582 
1612, 1465444604139, 1465444611586 
1613, 1465444604139, 1465444611593 
1614, 1465444604139, 1465444611597 
1615, 1465444604139, 1465444611604 
1616, 1465444604139, 1465444611610 
1617, 1465444604139, 1465444611614 
1618, 1465444604139, 1465444611618 
1619, 1465444604139, 1465444611622 
1620, 1465444604140, 1465444611626 
1621, 1465444604140, 1465444611630 
1622, 1465444604140, 1465444611635 
1623, 1465444604140, 1465444611639 
1624, 1465444604140, 1465444611643 
1625, 1465444604140, 1465444611647 
1626, 1465444604140, 1465444611652 
1627, 1465444604140, 1465444611657 
1628, 1465444604140, 1465444611661 
1629, 1465444604141, 1465444611666 
1630, 1465444604141, 1465444611673 
1631, 1465444604142, 1465444611678 
1632, 1465444604142, 1465444611682 
1633, 1465444604142, 1465444611687 
1634, 1465444604142, 1465444611691 
1635, 1465444604142, 1465444611695 
1636, 1465444604142, 1465444611699 
1637, 1465444604142, 1465444611703 
1638, 1465444604142, 1465444611707 
1639, 1465444604142, 1465444611712 
1640, 1465444604142, 1465444611716 
1641, 1465444604142, 1465444611720 
1642, 1465444604142, 1465444611725 
1643, 1465444604142, 1465444611729 
1644, 1465444604142, 1465444611733 
1645, 1465444604142, 1465444611737 
1646, 1465444604142, 1465444611742 
1647, 1465444604142, 1465444611746 
1648, 1465444604142, 1465444611751 
1649, 1465444604143, 1465444611755 
1650, 1465444604143, 1465444611761 
1651, 1465444604143, 1465444611765 
1652, 1465444604143, 1465444611771 
1653, 1465444604143, 1465444611777 
1654, 1465444604143, 1465444611782 
1655, 1465444604143, 1465444611786 
1656, 1465444604143, 1465444611791 
1657, 1465444604143, 1465444611795 
1658, 1465444604143, 1465444611799 
1659, 1465444604143, 1465444611803 
1660, 1465444604143, 1465444611807 
1661, 1465444604143, 1465444611812 
1662, 1465444604143, 1465444611816 
1663, 1465444604143, 1465444611821 
1664, 1465444604143, 1465444611827 
1665, 1465444604143, 1465444611831 
1666, 1465444604144, 1465444611838 
1667, 1465444604144, 1465444611844 
1668, 1465444604144, 1465444611849 
1669, 1465444604145, 1465444611853 
1670, 1465444604145, 1465444611857 
1671, 1465444604145, 1465444611861 
1672, 1465444604145, 1465444611865 
1673, 1465444604145, 1465444611870 
1674, 1465444604145, 1465444611874 
1675, 1465444604145, 1465444611878 
1676, 1465444604145, 1465444611883 
1677, 1465444604146, 1465444611888 
1678, 1465444604146, 1465444611892 
1679, 1465444604146, 1465444611896 
1680, 1465444604146, 1465444611900 
1681, 1465444604147, 1465444611905 
1682, 1465444604147, 1465444611909 
1683, 1465444604148, 1465444611913 
1684, 1465444604148, 1465444611918 
1685, 1465444604148, 1465444611922 
1686, 1465444604148, 1465444611927 
1687, 1465444604148, 1465444611931 
1688, 1465444604148, 1465444611938 
1689, 1465444604149, 1465444611943 
1690, 1465444604149, 1465444611947 
1691, 1465444604149, 1465444611951 
1692, 1465444604149, 1465444611955 
1693, 1465444604149, 1465444611959 
1694, 1465444604149, 1465444611964 
1695, 1465444604149, 1465444611968 
1696, 1465444604150, 1465444611974 
1697, 1465444604150, 1465444611979 
1698, 1465444604150, 1465444611985 
1699, 1465444604150, 1465444611989 
1700, 1465444604150, 1465444611993 
1701, 1465444604150, 1465444611997 
1702, 1465444604150, 1465444612002 
1703, 1465444604150, 1465444612006 
1704, 1465444604150, 1465444612011 
1705, 1465444604150, 1465444612015 
1706, 1465444604150, 1465444612020 
1707, 1465444604150, 1465444612025 
1708, 1465444604150, 1465444612029 
1709, 1465444604150, 1465444612035 
1710, 1465444604150, 1465444612039 
1711, 1465444604151, 1465444612044 
1712, 1465444604151, 1465444612048 
1713, 1465444604151, 1465444612052 
1714, 1465444604151, 1465444612056 
1715, 1465444604151, 1465444612062 
1716, 1465444604151, 1465444612066 
1717, 1465444604151, 1465444612070 
1718, 1465444604151, 1465444612075 
1719, 1465444604151, 1465444612079 
1720, 1465444604152, 1465444612084 
1721, 1465444604152, 1465444612088 
1722, 1465444604152, 1465444612092 
1723, 1465444604152, 1465444612097 
1724, 1465444604152, 1465444612101 
1725, 1465444604152, 1465444612105 
1726, 1465444604152, 1465444612110 
1727, 1465444604152, 1465444612114 
1728, 1465444604152, 1465444612118 
1729, 1465444604152, 1465444612123 
1730, 1465444604152, 1465444612127 
1731, 1465444604152, 1465444612131 
1732, 1465444604152, 1465444612139 
1733, 1465444604152, 1465444612145 
1734, 1465444604152, 1465444612149 
1735, 1465444604152, 1465444612153 
1736, 1465444604152, 1465444612157 
1737, 1465444604152, 1465444612161 
1738, 1465444604152, 1465444612167 
1739, 1465444604152, 1465444612171 
1740, 1465444604152, 1465444612177 
1741, 1465444604152, 1465444612181 
1742, 1465444604152, 1465444612186 
1743, 1465444604152, 1465444612191 
1744, 1465444604153, 1465444612196 
1745, 1465444604153, 1465444612202 
1746, 1465444604153, 1465444612208 
1747, 1465444604153, 1465444612213 
1748, 1465444604153, 1465444612217 
1749, 1465444604153, 1465444612221 
1750, 1465444604153, 1465444612225 
1751, 1465444604153, 1465444612229 
1752, 1465444604153, 1465444612233 
1753, 1465444604153, 1465444612238 
1754, 1465444604153, 1465444612242 
1755, 1465444604153, 1465444612246 
1756, 1465444604153, 1465444612250 
1757, 1465444604153, 1465444612255 
1758, 1465444604153, 1465444612259 
1759, 1465444604153, 1465444612263 
1760, 1465444604153, 1465444612267 
1761, 1465444604153, 1465444612271 
1762, 1465444604153, 1465444612275 
1763, 1465444604154, 1465444612279 
1764, 1465444604154, 1465444612282 
1765, 1465444604154, 1465444612286 
1766, 1465444604154, 1465444612291 
1767, 1465444604154, 1465444612295 
1768, 1465444604154, 1465444612299 
1769, 1465444604154, 1465444612306 
1770, 1465444604154, 1465444612311 
1771, 1465444604154, 1465444612315 
1772, 1465444604154, 1465444612319 
1773, 1465444604154, 1465444612323 
1774, 1465444604154, 1465444612327 
1775, 1465444604155, 1465444612330 
1776, 1465444604155, 1465444612334 
1777, 1465444604155, 1465444612338 
1778, 1465444604155, 1465444612342 
1779, 1465444604155, 1465444612347 
1780, 1465444604155, 1465444612352 
1781, 1465444604155, 1465444612356 
1782, 1465444604155, 1465444612360 
1783, 1465444604155, 1465444612364 
1784, 1465444604155, 1465444612368 
1785, 1465444604155, 1465444612372 
1786, 1465444604155, 1465444612376 
1787, 1465444604155, 1465444612380 
1788, 1465444604155, 1465444612384 
1789, 1465444604155, 1465444612388 
1790, 1465444604155, 1465444612393 
1791, 1465444604155, 1465444612397 
1792, 1465444604155, 1465444612403 
1793, 1465444604155, 1465444612407 
1794, 1465444604155, 1465444612412 
1795, 1465444604155, 1465444612416 
1796, 1465444604155, 1465444612420 
1797, 1465444604155, 1465444612424 
1798, 1465444604155, 1465444612427 
1799, 1465444604155, 1465444612431 
1800, 1465444604155, 1465444612435 
1801, 1465444604156, 1465444612439 
1802, 1465444604156, 1465444612443 
1803, 1465444604156, 1465444612447 
1804, 1465444604156, 1465444612451 
1805, 1465444604156, 1465444612455 
1806, 1465444604156, 1465444612460 
1807, 1465444604156, 1465444612463 
1808, 1465444604156, 1465444612470 
1809, 1465444604156, 1465444612474 
1810, 1465444604156, 1465444612479 
1811, 1465444604156, 1465444612483 
1812, 1465444604156, 1465444612487 
1813, 1465444604156, 1465444612490 
1814, 1465444604157, 1465444612494 
1815, 1465444604157, 1465444612498 
1816, 1465444604157, 1465444612502 
1817, 1465444604157, 1465444612506 
1818, 1465444604157, 1465444612510 
1819, 1465444604157, 1465444612516 
1820, 1465444604157, 1465444612520 
1821, 1465444604157, 1465444612524 
1822, 1465444604157, 1465444612528 
1823, 1465444604157, 1465444612532 
1824, 1465444604157, 1465444612536 
1825, 1465444604157, 1465444612540 
1826, 1465444604157, 1465444612544 
1827, 1465444604157, 1465444612548 
1828, 1465444604157, 1465444612552 
1829, 1465444604157, 1465444612557 
1830, 1465444604157, 1465444612561 
1831, 1465444604157, 1465444612565 
1832, 1465444604157, 1465444612570 
1833, 1465444604157, 1465444612574 
1834, 1465444604158, 1465444612578 
1835, 1465444604158, 1465444612582 
1836, 1465444604158, 1465444612586 
1837, 1465444604158, 1465444612590 
1838, 1465444604158, 1465444612594 
1839, 1465444604158, 1465444612598 
1840, 1465444604158, 1465444612602 
1841, 1465444604158, 1465444612606 
1842, 1465444604158, 1465444612610 
1843, 1465444604158, 1465444612614 
1844, 1465444604158, 1465444612618 
1845, 1465444604159, 1465444612622 
1846, 1465444604159, 1465444612626 
1847, 1465444604159, 1465444612630 
1848, 1465444604159, 1465444612634 
1849, 1465444604159, 1465444612638 
1850, 1465444604159, 1465444612642 
1851, 1465444604159, 1465444612646 
1852, 1465444604159, 1465444612650 
1853, 1465444604159, 1465444612654 
1854, 1465444604159, 1465444612658 
1855, 1465444604159, 1465444612662 
1856, 1465444604159, 1465444612667 
1857, 1465444604159, 1465444612674 
1858, 1465444604159, 1465444612679 
1859, 1465444604159, 1465444612683 
1860, 1465444604159, 1465444612687 
1861, 1465444604159, 1465444612691 
1862, 1465444604160, 1465444612695 
1863, 1465444604160, 1465444612699 
1864, 1465444604160, 1465444612703 
1865, 1465444604160, 1465444612707 
1866, 1465444604160, 1465444612711 
1867, 1465444604160, 1465444612715 
1868, 1465444604160, 1465444612719 
1869, 1465444604160, 1465444612724 
1870, 1465444604160, 1465444612728 
1871, 1465444604160, 1465444612732 
1872, 1465444604160, 1465444612739 
1873, 1465444604160, 1465444612744 
1874, 1465444604160, 1465444612748 
1875, 1465444604160, 1465444612752 
1876, 1465444604160, 1465444612756 
1877, 1465444604160, 1465444612760 
1878, 1465444604160, 1465444612764 
1879, 1465444604160, 1465444612768 
1880, 1465444604160, 1465444612772 
1881, 1465444604160, 1465444612776 
1882, 1465444604161, 1465444612780 
1883, 1465444604161, 1465444612784 
1884, 1465444604161, 1465444612788 
1885, 1465444604161, 1465444612792 
1886, 1465444604161, 1465444612796 
1887, 1465444604161, 1465444612800 
1888, 1465444604161, 1465444612804 
1889, 1465444604161, 1465444612808 
1890, 1465444604161, 1465444612812 
1891, 1465444604161, 1465444612816 
1892, 1465444604161, 1465444612820 
1893, 1465444604161, 1465444612825 
1894, 1465444604161, 1465444612829 
1895, 1465444604161, 1465444612835 
1896, 1465444604161, 1465444612841 
1897, 1465444604161, 1465444612846 
1898, 1465444604161, 1465444612850 
1899, 1465444604161, 1465444612854 
1900, 1465444604161, 1465444612859 
1901, 1465444604161, 1465444612863 
1902, 1465444604161, 1465444612868 
1903, 1465444604161, 1465444612872 
1904, 1465444604161, 1465444612876 
1905, 1465444604161, 1465444612880 
1906, 1465444604161, 1465444612884 
1907, 1465444604161, 1465444612888 
1908, 1465444604161, 1465444612892 
1909, 1465444604161, 1465444612896 
1910, 1465444604161, 1465444612900 
1911, 1465444604161, 1465444612904 
1912, 1465444604161, 1465444612909 
1913, 1465444604161, 1465444612913 
1914, 1465444604161, 1465444612917 
1915, 1465444604162, 1465444612922 
1916, 1465444604162, 1465444612927 
1917, 1465444604162, 1465444612930 
1918, 1465444604162, 1465444612935 
1919, 1465444604162, 1465444612939 
1920, 1465444604162, 1465444612943 
1921, 1465444604163, 1465444612947 
1922, 1465444604163, 1465444612951 
1923, 1465444604163, 1465444612955 
1924, 1465444604163, 1465444612959 
1925, 1465444604163, 1465444612963 
1926, 1465444604163, 1465444612967 
1927, 1465444604163, 1465444612971 
1928, 1465444604163, 1465444612975 
1929, 1465444604163, 1465444612980 
1930, 1465444604164, 1465444612984 
1931, 1465444604164, 1465444612988 
1932, 1465444604164, 1465444612993 
1933, 1465444604164, 1465444612997 
1934, 1465444604164, 1465444613004 
1935, 1465444604164, 1465444613009 
1936, 1465444604164, 1465444613014 
1937, 1465444604164, 1465444613017 
1938, 1465444604164, 1465444613021 
1939, 1465444604164, 1465444613025 
1940, 1465444604164, 1465444613029 
1941, 1465444604164, 1465444613033 
1942, 1465444604164, 1465444613037 
1943, 1465444604164, 1465444613043 
1944, 1465444604164, 1465444613047 
1945, 1465444604164, 1465444613051 
1946, 1465444604165, 1465444613055 
1947, 1465444604165, 1465444613059 
1948, 1465444604165, 1465444613063 
1949, 1465444604165, 1465444613067 
1950, 1465444604165, 1465444613071 
1951, 1465444604165, 1465444613075 
1952, 1465444604165, 1465444613079 
1953, 1465444604165, 1465444613083 
1954, 1465444604165, 1465444613087 
1955, 1465444604165, 1465444613092 
1956, 1465444604166, 1465444613096 
1957, 1465444604166, 1465444613101 
1958, 1465444604167, 1465444613107 
1959, 1465444604167, 1465444613112 
1960, 1465444604167, 1465444613116 
1961, 1465444604168, 1465444613120 
1962, 1465444604168, 1465444613124 
1963, 1465444604168, 1465444613128 
1964, 1465444604168, 1465444613132 
1965, 1465444604168, 1465444613137 
1966, 1465444604168, 1465444613141 
1967, 1465444604168, 1465444613145 
1968, 1465444604168, 1465444613149 
1969, 1465444604168, 1465444613153 
1970, 1465444604168, 1465444613158 
1971, 1465444604168, 1465444613162 
1972, 1465444604168, 1465444613165 
1973, 1465444604168, 1465444613169 
1974, 1465444604168, 1465444613173 
1975, 1465444604169, 1465444613177 
1976, 1465444604169, 1465444613182 
1977, 1465444604169, 1465444613186 
1978, 1465444604169, 1465444613191 
1979, 1465444604169, 1465444613195 
1980, 1465444604169, 1465444613200 
1981, 1465444604169, 1465444613205 
1982, 1465444604169, 1465444613210 
1983, 1465444604169, 1465444613214 
1984, 1465444604169, 1465444613218 
1985, 1465444604169, 1465444613222 
1986, 1465444604169, 1465444613227 
1987, 1465444604169, 1465444613231 
1988, 1465444604169, 1465444613235 
1989, 1465444604170, 1465444613240 
1990, 1465444604170, 1465444613243 
1991, 1465444604170, 1465444613248 
1992, 1465444604170, 1465444613252 
1993, 1465444604170, 1465444613257 
1994, 1465444604170, 1465444613261 
1995, 1465444604170, 1465444613265 
1996, 1465444604170, 1465444613272 
1997, 1465444604170, 1465444613277 
1998, 1465444604170, 1465444613281 
1999, 1465444604170, 1465444613285 
2000, 1465444604170, 1465444613289 
2001, 1465444604170, 1465444613293 
2002, 1465444604170, 1465444613296 
2003, 1465444604170, 1465444613301 
2004, 1465444604170, 1465444613305 
2005, 1465444604171, 1465444613309 
2006, 1465444604171, 1465444613313 
2007, 1465444604171, 1465444613317 
2008, 1465444604171, 1465444613322 
2009, 1465444604171, 1465444613326 
2010, 1465444604171, 1465444613330 
2011, 1465444604171, 1465444613334 
2012, 1465444604171, 1465444613339 
2013, 1465444604171, 1465444613342 
2014, 1465444604171, 1465444613347 
2015, 1465444604171, 1465444613351 
